{
  "project_info": {
    "project_number": "55119359050",
    "firebase_url": "https://probuddy-775f7.firebaseio.com",
    "project_id": "probuddy-775f7",
    "storage_bucket": "probuddy-775f7.appspot.com"
  },
  "client": [
    {
      "client_info": {
        "mobilesdk_app_id": "1:55119359050:android:fd05e1fb15576254",
        "android_client_info": {
          "package_name": "com.example.apataker.probuddy"
        }
      },
      "oauth_client": [
        {
          "client_id": "55119359050-qahf6cqvj3oeevnaj6s6al07ctdgbrii.apps.googleusercontent.com",
          "client_type": 1,
          "android_info": {
            "package_name": "com.example.apataker.probuddy",
            "certificate_hash": "5f8b6abdabb36f299251e955f55d06c4af435a92"
          }
        },
        {
          "client_id": "55119359050-hu4glva1k8hp9gcsfqaac4v7g555s7c9.apps.googleusercontent.com",
          "client_type": 3
        }
      ],
      "api_key": [
        {
          "current_key": "AIzaSyAmsEcHJoTiy7pqaI6ZUx0jbLQfobO3J4w"
        }
      ],
      "services": {
        "analytics_service": {
          "status": 1
        },
        "appinvite_service": {
          "status": 2,
          "other_platform_oauth_client": [
            {
              "client_id": "55119359050-hu4glva1k8hp9gcsfqaac4v7g555s7c9.apps.googleusercontent.com",
              "client_type": 3
            }
          ]
        },
        "ads_service": {
          "status": 2
        }
      }
    }
  ],
  "configuration_version": "1"
}